{"cameraMode":{"drawMode":0,"name":"Shaded","section":"Shading Mode"},"sceneLighting":true,"audioPlay":false,"sceneViewState":{"showFog":true,"showMaterialUpdate":false,"showSkybox":true,"showFlares":true,"showImageEffects":true,"showParticleSystems":true},"in2DMode":false,"pivot":{"x":13.622675895690918,"y":2.7329211235046388,"z":2.5689680576324465},"rotation":{"x":0.031206447631120683,"y":0.9674174785614014,"z":-0.14948764443397523,"w":0.20195452868938447},"size":10.0,"orthographic":false}